asset_class,exposure_mn
Loan,565.0389688
Commodity,527.34978718
Equity,514.68477361
Bond,504.55575783
FX,493.56993093
