counterparty,exposure_mn
Bank A,687.15812635
Bank B,664.11613976
Bank D,644.54205112
Bank C,609.38290112
