asset_class,exposure_mn
Equity,1158.9493484764134
Bond,576.3556895445179
FX,519.1934595599123
Commodity,262.44341885465377
