counterparty,exposure_mn
Bank B,669.2574260339799
Bank A,666.8252251130373
Bank C,628.2704300777272
Bank D,552.588835210753
