counterparty,total_exposure_mn,trades,pnl_total,pnl_avg
Bank A,687.15812635,260,-868252.62,-3339.433153846154
Bank B,664.11613976,251,2218597.72,8839.034741035857
Bank D,644.54205112,256,-1353780.2,-5288.20390625
Bank C,609.38290112,233,783942.22,3364.5588841201716
