counterparty,total_exposure_mn,trades,pnl_total,pnl_avg
Bank B,669.2574260339799,314,-520358.51522598986,-1657.1927236496492
Bank A,666.8252251130373,324,1359770.1811246146,4196.821546680909
Bank C,628.2704300777272,295,1117157.4525892562,3786.974415556801
Bank D,552.588835210753,267,321446.08000484906,1203.9179026398842
